City_ID,City,Lat,Lng,Max Temp,Humidity,Cloudiness,Wind Speed,Country,Date
0,iqaluit,63.7506,-68.5145,5.85,93,75,1.54,CA,1722820120
1,thompson,55.7435,-97.8558,19.52,36,8,3.98,CA,1722820121
2,talnakh,69.4865,88.3972,12.33,54,0,5.41,RU,1722820122
3,waitangi,-43.9535,-176.5597,11.01,74,100,1.34,NZ,1722820124
4,mili,6.0815,171.735,28.61,77,34,6.35,MH,1722820125
5,antsiranana,-12.2787,49.2917,20.94,76,7,6.34,MG,1722820126
6,levuka,50.1834,-105.4011,21.96,47,100,6.74,CA,1722820127
7,piti village,13.4626,144.6933,30.49,82,0,5.14,GU,1722820128
8,port-aux-francais,-49.35,70.2167,1.82,67,10,7.32,TF,1722819767
9,auki,-8.7676,160.7034,25.22,95,100,2.9,SB,1722819542
10,grytviken,-54.2811,-36.5092,-1.39,84,100,4.67,GS,1722819759
11,manokwari,-0.8667,134.0833,24.02,91,100,1.22,ID,1722820069
12,woolgoolga,-30.1106,153.2007,18.93,61,94,3.63,AU,1722819877
13,rafah,31.287,34.2595,25.59,66,0,1.53,PS,1722820134
14,bethel,41.3712,-73.414,23.14,89,0,0.0,US,1722819825
15,enewetak,11.3474,162.3373,28.89,76,100,4.11,MH,1722819545
16,chonchi,-42.6128,-73.8092,7.84,98,100,2.41,CL,1722819773
17,hawaiian paradise park,19.5933,-154.9731,26.05,87,100,7.2,US,1722819857
18,sayat,38.7839,63.8803,27.65,20,0,5.81,TM,1722820139
19,gao,16.6362,1.637,27.14,66,100,5.71,ML,1722820141
20,margaret river,-33.95,115.0667,15.93,78,98,6.85,AU,1722820142
21,port mathurin,-19.6833,63.4167,22.11,73,5,6.41,MU,1722819763
22,tallulah,32.4085,-91.1868,28.03,78,0,0.0,US,1722820144
23,longyearbyen,78.2186,15.6401,8.91,87,75,4.63,SJ,1722819826
24,adamstown,-25.066,-130.1015,21.15,79,100,7.69,PN,1722819784
25,atafu village,-8.5421,-172.5159,27.86,80,100,5.29,TK,1722819876
26,hermanus,-34.4187,19.2345,9.89,67,70,8.16,ZA,1722819788
27,bratske,47.865,31.5731,17.84,73,49,3.6,UA,1722820149
28,whitehorse,60.7161,-135.0538,23.94,29,20,1.34,CA,1722819807
29,makushino,55.2103,67.2442,13.84,95,7,3.17,RU,1722820151
30,sefwi wiawso,6.2044,-2.4886,21.42,95,100,0.88,GH,1722820152
31,kasongo,-4.45,26.6667,22.32,34,6,0.86,CD,1722820153
32,la ronge,55.1001,-105.2842,18.15,39,67,1.85,CA,1722820154
33,puerto natales,-51.7236,-72.4875,0.8,98,100,0.65,CL,1722819768
34,yuzhno-kurilsk,44.0306,145.8556,16.83,99,100,2.3,RU,1722820157
35,madalena,41.2162,-8.3345,18.2,87,0,0.85,PT,1722820159
36,vilyuysk,63.7553,121.6247,20.63,37,62,5.16,RU,1722819587
37,itamaraca,-7.7478,-34.8256,24.03,85,68,5.88,BR,1722819706
38,blackmans bay,-43.0167,147.3167,13.07,62,8,0.45,AU,1722819755
39,kununurra,-15.7667,128.7333,26.99,44,3,4.12,AU,1722819876
40,port elizabeth,-33.918,25.5701,11.16,57,0,7.72,ZA,1722819565
41,albany,42.6001,-73.9662,24.24,77,0,0.45,US,1722820066
42,santarem,-2.4431,-54.7083,28.07,78,0,2.57,BR,1722820166
43,georgetown,5.4112,100.3354,28.96,74,20,1.03,MY,1722820107
44,magong,23.5654,119.5863,28.71,81,86,1.96,TW,1722820168
45,sai buri,6.7013,101.6168,26.65,86,100,1.4,TH,1722820169
46,floro,61.5996,5.0328,14.04,88,20,3.09,NO,1722820170
47,arraial do cabo,-22.9661,-42.0278,22.48,90,0,11.11,BR,1722819693
48,aasiaat,68.7098,-52.8699,2.07,91,1,2.45,GL,1722820172
49,hithadhoo,-0.6,73.0833,28.64,74,100,3.89,MV,1722819835
50,vadso,70.0744,29.7487,10.49,100,100,6.17,NO,1722820174
51,qulsary,46.9531,54.0198,24.54,52,9,2.56,KZ,1722820176
52,okhotsk,59.3833,143.3,16.54,64,98,2.55,RU,1722819907
53,bredasdorp,-34.5322,20.0403,6.83,69,18,4.66,ZA,1722820178
54,west island,-12.1568,96.8225,24.99,88,100,2.57,CC,1722820179
55,lerwick,60.1545,-1.1494,15.0,92,100,10.12,GB,1722820180
56,popondetta,-8.7537,148.2534,27.15,70,100,1.72,PG,1722820182
57,colonia,50.9333,6.95,17.68,84,0,1.54,DE,1722819758
58,cruzeiro do sul,-29.5128,-51.9853,16.95,95,100,1.26,BR,1722820184
59,sattahip,12.6664,100.9007,29.43,89,20,1.54,TH,1722820185
60,yellowknife,62.456,-114.3525,22.29,43,75,5.66,CA,1722819913
61,saurimo,-9.6608,20.3916,16.53,32,73,1.72,AO,1722820187
62,kalmunai,7.4167,81.8167,25.53,83,15,1.85,LK,1722820188
63,ilulissat,69.2167,-51.1,7.01,76,40,0.51,GL,1722820189
64,mount gambier,-37.8333,140.7667,12.27,52,8,1.54,AU,1722819862
65,remire-montjoly,4.9167,-52.2667,27.02,83,0,1.54,GF,1722819897
66,vilyuchinsk,52.9306,158.4028,20.15,73,100,2.35,RU,1722820193
67,zahedan,29.4963,60.8629,25.81,20,44,1.7,IR,1722820194
68,flying fish cove,-10.4217,105.6791,24.82,88,75,5.66,CX,1722820195
69,emerald,-23.5333,148.1667,21.3,55,0,5.15,AU,1722820196
70,cherdyn',60.403,56.4787,13.35,99,94,1.24,RU,1722820198
71,tsentoroy,43.0064,46.2231,20.75,59,0,2.74,RU,1722820199
72,edinburgh of the seven seas,-37.0676,-12.3116,13.68,77,51,13.26,SH,1722819777
73,newman,37.3138,-121.0208,36.99,15,2,4.18,US,1722820202
74,rio cauto,20.5603,-76.9161,26.18,89,94,0.72,CU,1722820203
75,kodiak,57.79,-152.4072,11.73,100,100,5.66,US,1722820204
76,tralee,52.2704,-9.7026,17.33,98,100,2.75,IE,1722820205
77,port lincoln,-34.7333,135.8667,12.73,70,8,1.86,AU,1722819665
78,badger,64.8,-147.5333,23.95,51,0,3.09,US,1722819845
79,tura,25.5198,90.2201,25.5,94,100,1.46,IN,1722819794
80,vyritsa,59.4078,30.3481,13.73,96,57,0.69,RU,1722820210
81,kavaratti,10.5669,72.642,27.74,81,100,4.62,IN,1722820211
82,nuuk,64.1835,-51.7216,6.34,87,20,0.51,GL,1722820212
83,mirnyy,62.5353,113.9611,18.17,51,86,2.26,RU,1722819820
84,punta arenas,-53.15,-70.9167,-0.94,100,75,2.57,CL,1722820070
85,stanley,54.868,-1.6985,15.95,92,40,3.09,GB,1722819799
86,hot springs village,34.6655,-93.01,29.25,65,38,2.0,US,1722820216
87,muhldorf,48.25,12.5333,19.37,99,100,2.38,DE,1722820217
88,sao joao da barra,-21.6403,-41.0511,22.05,82,0,6.86,BR,1722819638
89,muyinga,-2.8333,30.3333,13.69,40,92,2.02,BI,1722820219
90,jamestown,42.097,-79.2353,22.8,64,0,3.09,US,1722819750
91,ar rutbah,33.0381,40.2848,26.99,41,0,6.17,IQ,1722820035
92,mana,5.6592,-53.7767,25.83,87,87,4.89,GF,1722820223
93,naberera,-4.2,36.9333,11.71,91,20,1.96,TZ,1722820224
94,neftegorsk,52.802,51.166,19.76,56,98,1.66,RU,1722820225
95,klyuchi,52.2667,79.1667,20.31,65,31,3.12,RU,1722820227
96,praia da vitoria,38.7333,-27.0667,24.31,94,0,3.28,PT,1722820228
97,punta alta,-38.8759,-62.0736,11.79,53,100,4.66,AR,1722820229
98,howrah,22.5892,88.3103,29.0,94,75,1.54,IN,1722820230
99,kresttsy,58.2452,32.5165,12.88,96,24,0.43,RU,1722820233
100,lebu,-37.6167,-73.65,10.25,92,100,13.27,CL,1722819795
101,tual,-5.6667,132.75,25.22,85,86,8.95,ID,1722820235
102,papatowai,-46.5619,169.4708,11.15,62,12,2.17,NZ,1722820236
103,bondoukou,8.0333,-2.8,21.44,90,51,1.99,CI,1722820237
104,santiago de cao,-7.9589,-79.2392,17.07,88,40,3.6,PE,1722820239
105,sitka,57.0531,-135.33,25.94,38,0,3.09,US,1722820070
106,saint-joseph,-21.3667,55.6167,18.21,76,21,2.72,RE,1722820241
107,novhorodka,48.3651,32.6578,18.66,70,87,3.21,UA,1722820242
108,kaiyuan,23.6977,103.3037,22.46,88,100,1.12,CN,1722820243
109,atlanta,33.749,-84.388,28.03,77,20,0.45,US,1722819999
110,arkhangel'sk,64.5401,40.5433,11.06,100,75,3.0,RU,1722820078
111,smithers,54.7804,-127.1743,27.91,23,36,2.0,CA,1722820204
112,isafjordur,66.0755,-23.124,8.1,85,100,8.09,IS,1722819774
113,saipan,15.1355,145.701,31.39,66,40,6.69,MP,1722819877
114,villa gesell,-37.2639,-56.973,9.47,69,13,4.38,AR,1722820250
115,geraldton,-28.7667,114.6,10.23,87,0,4.63,AU,1722820251
116,holualoa,19.6228,-155.9522,26.91,82,100,4.12,US,1722819837
117,letterkenny,54.95,-7.7333,17.31,99,100,3.88,IE,1722820253
118,ushuaia,-54.8,-68.3,-0.19,59,75,3.6,AR,1722819621
119,yayva,59.3303,57.2641,13.31,99,97,1.85,RU,1722820255
120,keflavik,64.0049,-22.5624,11.95,87,100,8.23,IS,1722819659
121,aioun,16.6614,-9.6149,29.71,62,99,5.42,MR,1722820257
122,al hudaydah,14.7978,42.9545,30.86,73,65,3.05,YE,1722820258
123,constantia,44.1833,28.65,19.38,72,5,4.22,RO,1722820259
124,tiksi,71.6872,128.8694,12.65,63,100,5.26,RU,1722819844
125,anadyr,64.75,177.4833,6.28,93,100,7.0,RU,1722819822
126,kimbe,-5.5502,150.1429,30.2,66,99,1.48,PG,1722820263
127,khandyga,62.6667,135.6,20.89,40,89,3.05,RU,1722819677
128,wailua homesteads,22.0669,-159.378,27.44,71,100,6.69,US,1722819850
129,marianna,30.7744,-85.2269,24.02,91,75,3.6,US,1722820266
130,steinkjer,64.193,11.3851,12.52,92,100,0.69,NO,1722820267
131,rechytsa,52.3617,30.3916,18.86,82,48,2.91,BY,1722819775
132,utrik,11.2278,169.8474,28.54,80,39,6.51,MH,1722820269
133,cabo san lucas,22.8909,-109.9124,33.12,42,20,5.14,MX,1722820177
134,iskateley,67.6803,53.1512,6.19,74,89,6.33,RU,1722819764
135,maintirano,-18.0667,44.0167,19.22,83,5,2.31,MG,1722820273
136,qaqortoq,60.7167,-46.0333,6.61,80,0,2.74,GL,1722819676
137,puerto ayora,-0.7393,-90.3518,20.31,93,49,1.34,EC,1722819823
138,velikiy ustyug,60.7644,46.3106,13.86,99,100,1.73,RU,1722820276
139,nar'yan-mar,67.6713,53.087,6.16,74,94,6.35,RU,1722819853
140,arti,56.4234,58.5328,13.52,96,100,2.15,RU,1722820278
141,wagar,16.1525,36.2032,27.17,71,100,8.03,SD,1722820279
142,sao vicente,-23.9631,-46.3919,28.1,57,99,0.88,BR,1722820280
143,loikaw,19.6742,97.2094,20.94,99,100,1.12,MM,1722820092
144,bilibino,68.0546,166.4372,9.49,58,100,3.74,RU,1722819828
145,varazze,44.3595,8.5741,28.12,88,100,2.68,IT,1722820284
146,gazojak,41.1875,61.4036,27.61,24,8,5.3,TM,1722820285
147,vavuniya,8.7514,80.4971,24.06,96,29,1.64,LK,1722820287
148,goianapolis,-16.5106,-49.0239,23.6,48,0,2.91,BR,1722820288
149,codrington,-38.2667,141.9667,11.3,56,7,2.91,AU,1722820290
150,luganville,-15.5333,167.1667,24.05,58,20,6.27,VU,1722820291
151,upington,-28.4478,21.2561,4.89,79,2,2.93,ZA,1722820292
152,kingston,17.997,-76.7936,30.53,74,20,6.69,JM,1722819824
153,avarua,-21.2078,-159.775,25.03,69,20,3.6,CK,1722820294
154,boa vista,2.8197,-60.6733,25.99,89,75,2.57,BR,1722820295
155,barcelos,41.5388,-8.6151,18.71,87,0,0.7,PT,1722820297
156,victorica,-36.2151,-65.4359,13.73,45,6,8.85,AR,1722820298
157,roggiano gravina,39.6182,16.1597,20.37,65,5,0.84,IT,1722820299
158,lithgow,-33.4833,150.15,9.89,47,100,2.8,AU,1722820300
159,igarka,67.4667,86.5833,9.55,64,48,6.2,RU,1722820301
160,alenquer,-1.9417,-54.7383,25.7,56,7,1.89,BR,1722820302
161,cooma,-36.2333,149.1333,7.13,53,100,1.7,AU,1722820303
162,port isabel,26.0734,-97.2086,30.57,76,0,4.12,US,1722820304
163,fortuna,40.5982,-124.1573,17.18,91,100,3.6,US,1722820305
164,itaituba,-4.2761,-55.9836,24.74,47,1,0.78,BR,1722820306
165,carutapera,-1.195,-46.02,25.45,82,6,2.99,BR,1722820309
166,dudinka,69.4058,86.1778,10.22,56,0,9.22,RU,1722820310
167,severo-vostotchnyi bank,39.4112,49.2479,25.91,75,0,2.51,AZ,1722820311
168,feytiat,45.8091,1.3303,17.45,88,0,1.54,FR,1722820312
169,wynyard,-41.0,145.7167,11.22,85,92,0.89,AU,1722820313
170,viqueque,-8.8673,126.3658,26.39,66,37,3.07,TL,1722820314
171,alesund,62.4723,6.1549,15.18,93,100,1.54,NO,1722820316
172,olonkinbyen,70.9221,-8.7187,5.99,98,100,3.16,SJ,1722820317
173,yichang,30.7144,111.2847,32.34,60,46,1.11,CN,1722820318
174,choele choel,-39.2667,-65.6833,13.73,37,100,2.54,AR,1722820319
175,ust'-kulom,61.6864,53.6902,14.42,99,100,2.41,RU,1722820321
176,mil'kovo,55.6078,37.7956,15.91,72,0,2.61,RU,1722820322
177,college,64.8569,-147.8028,23.99,51,75,3.09,US,1722820323
178,uliastay,47.7417,96.8444,17.64,43,0,0.98,MN,1722820324
179,juan griego,11.0817,-63.9655,25.97,86,97,3.06,VE,1722820325
180,bathsheba,13.2167,-59.5167,27.33,84,100,9.58,BB,1722820326
181,birjand,32.8663,59.2211,24.34,21,0,2.97,IR,1722820327
182,sisimiut,66.9395,-53.6735,8.89,76,100,0.83,GL,1722820328
183,kapa'a,22.0752,-159.319,28.18,67,100,6.69,US,1722820329
184,ribeira grande,38.5167,-28.7,24.87,95,16,2.68,PT,1722819801
185,severo-yeniseyskiy,60.3725,93.0408,17.92,55,51,1.37,RU,1722820331
186,thinadhoo,0.5333,72.9333,28.39,74,100,4.01,MV,1722820332
187,egilsstadir,65.2653,-14.3948,10.95,82,75,8.75,IS,1722819805
188,malvan,16.0667,73.4667,26.34,88,100,5.81,IN,1722820335
189,bintulu,3.1667,113.0333,24.23,95,100,2.46,MY,1722820336
190,hengchun,22.0042,120.7439,29.41,75,5,4.94,TW,1722820337
191,miyako,39.6367,141.9525,27.05,83,83,2.26,JP,1722820338
192,waddan,29.1614,16.139,29.01,27,0,4.87,LY,1722819892
193,santa cruz,-17.8,-63.1667,25.86,59,0,4.4,BO,1722820247
194,nikolayevsk-on-amure,53.1406,140.73,18.7,52,100,2.08,RU,1722820341
195,uturoa,-16.7333,-151.4333,24.69,71,5,7.22,PF,1722820342
196,bikenibeu village,1.3673,173.1241,30.98,66,20,3.6,KI,1722820343
197,hadibu,12.65,54.0333,25.34,83,100,9.91,YE,1722820344
198,oroqen zizhiqi,50.5667,123.7167,24.27,67,48,2.36,CN,1722820345
199,mogocha,53.7333,119.7667,16.66,97,100,1.44,RU,1722820071
200,turki,51.987,43.2731,15.86,97,100,2.66,RU,1722820347
201,happy valley-goose bay,53.3168,-60.3315,16.7,67,11,1.12,CA,1722820348
202,fuglafjordur,62.244,-6.814,12.26,98,100,13.27,FO,1722820349
203,bamboo flat,11.7,92.7167,26.05,94,40,0.0,IN,1722820350
204,mahdia,35.5047,11.0622,26.97,64,0,7.62,TN,1722820352
205,princeville,45.7668,-61.2985,22.36,95,100,2.57,CA,1722820353
206,invercargill,-46.4,168.35,12.23,66,17,3.13,NZ,1722819786
207,minas de marcona,-15.2119,-75.1103,10.83,86,48,4.89,PE,1722820355
208,vuktyl,63.8567,57.3094,15.25,83,100,3.6,RU,1722820356
209,taoudenni,22.6783,-3.9836,37.08,18,0,8.19,ML,1722820357
210,maibong,25.3,93.1667,24.69,99,100,1.0,IN,1722820358
211,ciudad lazaro cardenas,17.9583,-102.2,27.97,80,100,3.48,MX,1722820360
212,hotan,37.0997,79.9269,27.61,34,100,2.57,CN,1722820361
213,kapuskasing,49.4169,-82.4331,14.0,54,5,2.26,CA,1722820363
214,alindao,5.0267,21.2088,20.8,98,100,1.22,CF,1722820364
215,hagere maryam,5.6333,38.2333,15.34,83,100,0.95,ET,1722820365
216,bizerte,37.2744,9.8739,25.21,75,7,8.93,TN,1722820366
217,yanbu,24.0891,38.0637,32.02,84,20,2.06,SA,1722820367
218,mukalla,14.5425,49.1242,28.91,65,100,1.65,YE,1722820368
219,natchez,31.5604,-91.4032,30.69,66,0,0.0,US,1722820370
220,tres passos,-27.4556,-53.9319,15.53,94,52,1.66,BR,1722820371
221,ust-nera,64.5667,143.2,16.11,52,43,1.8,RU,1722820372
222,st. john's,47.5649,-52.7093,21.27,96,100,0.45,CA,1722820110
223,rock springs,41.5875,-109.2029,24.69,41,0,6.17,US,1722820374
224,mahina,-17.5065,-149.489,27.87,57,20,1.54,PF,1722820375
225,palafrugell,41.9174,3.1631,24.08,46,0,1.49,ES,1722820276
226,tofol,5.3248,163.0078,30.88,66,75,3.09,FM,1722820377
227,wangqing,43.3218,129.7634,19.41,97,100,1.99,CN,1722820378
228,tazovsky,67.4667,78.7,7.47,68,97,5.87,RU,1722820379
229,port alfred,-33.5906,26.891,12.61,60,1,10.61,ZA,1722820368
230,dursunlu,36.1628,36.1597,26.7,87,26,3.67,TR,1722820381
231,carnarvon,-24.8667,113.6333,17.17,46,0,4.03,AU,1722820382
232,gunjur,13.2019,-16.7339,24.04,94,75,2.06,GM,1722820383
233,brisas barra de suchiate,14.55,-92.2167,24.1,76,99,1.21,MX,1722820384
234,caldas novas,-17.7417,-48.625,22.07,50,68,3.47,BR,1722820385
235,revda,56.801,59.9303,12.61,98,100,2.0,RU,1722820386
236,namdrik,5.5994,168.1028,28.87,73,32,5.6,MH,1722820388
237,el colomo,19.05,-104.25,30.99,75,100,2.33,MX,1722820389
238,cape canaveral,28.4058,-80.6048,25.55,92,0,6.17,US,1722820390
239,kibungan,16.695,120.6553,19.14,83,100,1.63,PH,1722820391
240,inhapim,-19.5492,-42.12,19.17,77,74,2.38,BR,1722820392
241,medicine hat,50.0501,-110.6683,26.58,27,100,2.24,CA,1722820393
242,wenling,28.3669,121.36,29.63,76,53,2.17,CN,1722820394
243,ta`u,-14.2336,-169.5144,26.86,64,100,1.9,AS,1722819870
244,tari,-11.1105,14.3559,15.43,91,85,0.6,AO,1722820396
245,bodaybo,57.8506,114.1933,18.17,84,99,0.91,RU,1722820130
246,moranbah,-22.0016,148.0466,22.12,43,0,5.3,AU,1722820398
247,aoji,42.5206,130.3953,21.34,100,100,2.04,KP,1722820402
248,hasaki,35.7333,140.8333,32.38,70,0,2.3,JP,1722820404
249,ivdel',60.6911,60.4206,13.84,99,100,1.79,RU,1722820405
250,lohra,50.7333,8.6333,16.51,88,98,0.43,DE,1722820406
251,bhayavadar,21.85,70.25,26.03,93,100,5.02,IN,1722820407
252,jiuquan,39.7432,98.5174,29.89,15,98,3.08,CN,1722820408
253,changji,44.0167,87.3167,30.44,30,0,4.0,CN,1722820409
254,yemva,62.59,50.8594,12.91,100,60,2.62,RU,1722820152
255,nemuro,43.3236,145.575,15.43,100,100,3.67,JP,1722820411
256,sadjoavato,-12.6334,49.349,17.15,90,30,1.36,MG,1722820412
257,san-pedro,4.7485,-6.6363,24.06,84,100,2.37,CI,1722820413
258,sharjah,25.3573,55.4033,33.99,70,0,4.12,AE,1722820414
259,petropavlovsk-kamchatsky,53.0452,158.6483,19.33,60,20,3.0,RU,1722820415
260,klaksvik,62.2266,-6.589,12.51,98,100,14.49,FO,1722820417
261,sinop,41.7711,34.8709,18.6,55,42,1.04,TR,1722820418
262,callao,-12.0667,-77.15,17.62,77,100,5.66,PE,1722820206
263,cold lake,54.4502,-110.2017,18.37,51,92,4.83,CA,1722820420
264,kisii,-0.6817,34.7667,14.59,74,100,1.65,KE,1722820421
265,afaahiti,-17.75,-149.2833,26.93,74,6,5.05,PF,1722820022
266,belokurikha,51.9959,84.9896,19.55,68,100,1.63,RU,1722820423
267,luderitz,-26.6481,15.1594,12.39,76,0,5.67,NA,1722820424
268,crane,31.3974,-102.3501,32.51,31,84,7.97,US,1722820425
269,dakhla,23.6848,-15.958,20.29,94,19,3.61,EH,1722820426
270,mugia,43.1041,-9.2179,19.53,93,2,2.91,ES,1722820427
271,mountain home,43.133,-115.6912,33.9,22,0,2.68,US,1722820428
272,jijiga,9.35,42.8,18.37,77,97,3.89,ET,1722820429
273,sao sepe,-30.1606,-53.5653,13.84,98,100,4.64,BR,1722820430
274,kadnikov,59.5022,40.338,12.41,97,20,1.9,RU,1722820431
275,mount pearl,47.5166,-52.7813,20.81,96,100,1.79,CA,1722820433
276,puerto baquerizo moreno,-0.9,-89.6,19.64,85,26,5.63,EC,1722820207
277,tonghae,37.5439,129.1069,29.13,74,0,2.91,KR,1722820435
278,wang sai phun,16.3885,100.538,24.3,94,100,3.05,TH,1722820436
279,oranjemund,-28.55,16.4333,10.34,76,0,2.8,NA,1722820437
280,pangody,65.85,74.4859,12.0,58,100,7.31,RU,1722820438
281,horta,38.5333,-28.6333,24.45,95,31,2.24,PT,1722820439
282,baramula,34.2,74.35,20.24,86,52,1.15,IN,1722820372
283,sandnessjoen,66.0217,12.6316,16.29,76,30,5.54,NO,1722820441
284,montecristo,8.2971,-74.4733,25.44,91,100,0.91,CO,1722820442
285,tsiombe,-25.3,45.4833,15.55,93,1,1.48,MG,1722820443
286,yamada,39.4667,141.95,27.24,78,78,2.08,JP,1722820444
287,boca suno,-0.7167,-77.1333,21.98,98,78,1.36,EC,1722820445
288,sandona,1.2915,-77.4741,16.18,95,87,1.13,CO,1722820446
289,kroya,-7.6331,109.2461,25.8,77,33,1.96,ID,1722820447
290,ndende,-2.4008,11.3581,20.22,81,63,1.96,GA,1722820448
291,muang phon-hong,18.4928,102.4172,23.25,97,100,0.43,LA,1722820449
292,arteaga,18.4667,-102.4167,21.79,99,100,1.81,MX,1722820451
293,ulladulla,-35.35,150.4667,15.88,49,100,2.24,AU,1722820452
294,brisas de zicatela,15.8369,-97.0419,27.93,79,99,1.92,MX,1722820453
295,laguna,38.421,-121.4238,39.23,18,0,5.14,US,1722820454
296,udachny,66.4167,112.4,19.88,44,100,4.81,RU,1722820455
297,ginir,7.1333,40.7,16.69,75,91,2.34,ET,1722820456
298,zhangye,38.9342,100.4517,28.04,19,100,3.5,CN,1722820457
299,santa lucia,27.9117,-15.5407,18.62,73,20,9.77,ES,1722820458
300,tadine,-21.55,167.8833,22.03,53,10,6.61,NC,1722820328
301,hola,51.5377,23.1902,18.1,59,100,2.23,PL,1722820460
302,san patricio,28.017,-97.5169,31.05,58,5,5.07,US,1722820461
303,midvagur,62.0511,-7.1939,12.46,94,100,10.8,FO,1722820462
304,huarmey,-10.0681,-78.1522,17.03,84,6,4.84,PE,1722820463
305,bahia blanca,-38.7196,-62.2724,12.81,46,100,4.2,AR,1722820443
306,seeb,23.6703,58.1891,29.57,86,100,5.19,OM,1722820465
307,ust'-ilimsk,58.0006,102.6619,18.86,54,0,1.18,RU,1722820466
308,sulak,43.2734,47.5146,25.54,75,0,5.34,RU,1722820467
309,acarau,-2.8856,-40.12,25.0,83,4,7.09,BR,1722820469
310,nova sintra,14.8667,-24.7167,26.68,78,100,2.42,CV,1722820470
311,kailua-kona,19.6406,-155.9956,28.98,78,100,4.12,US,1722820471
312,pudozh,61.8099,36.5345,11.54,94,20,1.78,RU,1722820472
313,ratnagiri,16.9833,73.3,25.95,90,100,4.48,IN,1722820473
314,labytnangi,66.6572,66.4183,9.35,61,100,9.14,RU,1722819902
315,saint-pierre,-21.3393,55.4781,18.82,55,40,3.6,RE,1722820475
316,jolo,6.05,121.0167,29.36,69,99,1.48,PH,1722820476
317,arteche,12.2645,125.4048,28.87,73,87,2.56,PH,1722820321
318,rio grande,-32.035,-52.0986,13.86,96,100,8.29,BR,1722820478
319,ryotsu-minato,38.0833,138.4333,26.48,88,54,3.43,JP,1722820479
320,peace river,56.2501,-117.286,18.17,77,100,5.66,CA,1722820480
321,graaff-reinet,-32.2522,24.5308,6.62,69,72,1.6,ZA,1722820481
322,lihue,21.9789,-159.3672,27.77,70,100,6.69,US,1722820482
323,susuman,62.7833,148.1667,17.33,38,4,2.55,RU,1722820483
324,tolanaro,-25.0319,46.9987,17.44,90,0,3.2,MG,1722820484
325,nikko,36.75,139.6167,28.97,62,0,2.73,JP,1722820486
326,ouarzazat,30.9189,-6.8934,32.16,14,20,4.12,MA,1722819908
327,lospalos,-8.5186,127.0025,23.92,71,100,4.54,TL,1722820488
328,puerto deseado,-47.7503,-65.8938,5.0,95,95,4.79,AR,1722820489
329,labuan,5.2767,115.2417,27.32,80,36,3.37,MY,1722820490
330,novyy urengoy,66.0833,76.6333,10.98,58,100,6.96,RU,1722819900
331,san fernando,15.0286,120.6898,28.85,73,100,2.0,PH,1722819979
332,kill devil hills,36.0307,-75.676,26.1,88,0,6.17,US,1722820335
333,port blair,11.6667,92.75,26.02,94,40,0.0,IN,1722820495
334,novyy urgal,51.0736,132.5642,14.91,95,100,1.23,RU,1722820496
335,namibe,-15.1961,12.1522,15.56,89,0,1.55,AO,1722820497
336,ardabil,38.2498,48.2933,18.43,76,0,1.23,IR,1722820499
337,port hedland,-20.3167,118.5667,18.03,55,0,7.2,AU,1722820500
338,goyerkata,26.6998,89.0257,24.9,95,100,2.15,IN,1722820502
339,thames,-37.1333,175.5333,12.96,55,24,1.29,NZ,1722820503
340,vorkuta,67.5,64.0,9.01,65,64,4.86,RU,1722820504
341,colonia menno,-22.3667,-59.8167,26.56,47,96,3.39,PY,1722820506
342,katsuren-haebaru,26.3369,127.8719,32.83,68,40,6.17,JP,1722820508
343,skeldon,5.8833,-57.1333,25.2,90,100,0.94,GY,1722820509
344,srednebelaya,50.6594,128.0106,25.21,98,100,5.93,RU,1722820510
345,lakatoro,-16.0999,167.4164,24.4,55,3,8.49,VU,1722820511
346,aoulef,26.9667,1.0833,37.58,10,9,4.32,DZ,1722820512
347,arica,-18.475,-70.3042,15.75,72,0,1.54,CL,1722820008
348,panama city beach,30.1766,-85.8055,24.45,93,100,3.13,US,1722820514
349,gornozavodsk,58.3758,58.3211,12.31,98,30,1.37,RU,1722820515
350,vorgashor,67.5833,63.95,8.45,65,57,5.03,RU,1722820516
351,karagandy,49.8019,73.1021,8.97,62,0,3.19,KZ,1722820517
352,erenhot,43.6475,111.9767,24.62,30,0,1.64,CN,1722820518
353,caucasia,7.9865,-75.1935,24.97,90,89,1.46,CO,1722820519
354,miramichi,47.0043,-65.4654,21.47,91,100,2.96,CA,1722820520
355,bousso,10.4795,16.7117,21.86,89,100,1.48,TD,1722820522
356,puerto carreno,6.189,-67.4859,27.11,83,100,1.25,CO,1722820523
357,esperantinopolis,-4.8667,-44.7083,23.54,44,2,1.25,BR,1722820274
358,bhimunipatnam,17.8833,83.4333,27.73,79,100,1.52,IN,1722820525
359,cody,44.5263,-109.0565,26.12,44,40,3.58,US,1722820526
360,baukau,51.5526,7.2042,17.73,84,94,0.94,DE,1722820527
361,port macquarie,-31.4333,152.9167,19.38,65,100,3.13,AU,1722820528
362,nabire,-3.3667,135.4833,25.96,82,100,1.19,ID,1722820529
363,eforie sud,44.0229,28.6494,19.45,71,6,4.44,RO,1722820530
364,rajgarh,28.6333,75.3833,27.84,81,2,5.97,IN,1722820531
365,east london,-33.0153,27.9116,13.95,51,7,9.44,ZA,1722820532
366,wickenburg,33.9686,-112.7296,42.87,24,56,5.72,US,1722820533
367,khorixas,-20.3667,14.9667,13.87,39,0,1.42,NA,1722820534
368,fort mcmurray,56.7268,-111.381,23.77,33,0,1.54,CA,1722820535
369,porto novo,6.4965,2.6036,24.9,82,26,3.15,BJ,1722820536
370,kavieng,-2.5744,150.7967,28.64,73,100,4.55,PG,1722820537
371,ingeniero jacobacci,-41.3427,-69.5448,6.32,55,100,2.55,AR,1722820539
372,ha tinh,18.3333,105.9,29.49,68,5,1.6,VN,1722820540
373,colares,38.7992,-9.4469,20.99,76,0,8.76,PT,1722820541
374,argo,37.6333,22.7333,26.55,54,0,1.13,GR,1722820542
375,asbury,42.5144,-90.7515,27.59,71,100,3.58,US,1722820543
376,kokopo,-4.352,152.2633,28.99,68,100,4.16,PG,1722820544
377,upata,8.0086,-62.3989,25.11,96,100,1.4,VE,1722820545
378,fisterra,42.9049,-9.2629,18.19,93,0,4.15,ES,1722820546
379,lauro de freitas,-12.8944,-38.3272,25.01,73,40,5.66,BR,1722820260
380,olinda,-8.0089,-34.8553,23.85,88,40,3.09,BR,1722820103
381,cill airne,52.05,-9.5167,17.25,99,100,2.81,IE,1722820549
382,hobyo,5.3505,48.5268,24.07,83,46,10.91,SO,1722820550
383,rikaze,29.25,88.8833,14.02,59,100,0.2,CN,1722820552
384,boda,4.3189,17.4695,20.76,97,99,1.02,CF,1722820554
385,valley city,46.9233,-98.0032,20.29,77,40,2.06,US,1722820555
386,katsuura,35.1333,140.3,27.6,72,0,2.34,JP,1722820556
387,weno,7.4515,151.8468,31.97,79,75,4.12,FM,1722820557
388,malango,-2.9627,119.9001,23.88,73,98,1.46,ID,1722820558
389,dame-marie,18.5667,-74.4167,28.41,80,98,0.69,HT,1722820559
390,prince rupert,54.3161,-130.3201,17.88,76,99,2.1,CA,1722820276
391,yelwa,8.8333,9.6333,23.35,89,100,2.29,NG,1722820561
392,ntoum,0.3833,9.7833,23.23,81,100,2.04,GA,1722820562
393,kirakira,-10.4544,161.9205,26.14,88,100,6.06,SB,1722820563
394,svetlyy,54.675,20.1347,17.03,96,100,2.25,RU,1722820564
395,kpandae,8.4689,-0.0113,23.89,79,98,3.12,GH,1722820565
396,meadow lakes,61.6247,-149.6011,21.17,69,0,2.57,US,1722820567
397,bayan,46.0833,127.4,24.09,96,100,5.48,CN,1722820568
398,aykhal,66.0,111.5,20.58,40,36,6.61,RU,1722820569
399,san antonio,29.4241,-98.4936,33.19,50,75,7.72,US,1722819836
400,mancio lima,-7.6142,-72.8958,24.03,83,82,0.81,BR,1722820571
401,westport,41.1415,-73.3579,23.75,89,0,3.6,US,1722820572
402,caleta de carquin,-11.0925,-77.6267,16.87,82,15,5.48,PE,1722820573
403,saacow,1.6279,42.4407,21.83,82,90,3.52,SO,1722820574
404,morehead city,34.7229,-76.726,28.0,86,20,7.2,US,1722820354
405,fale old settlement,-9.3852,-171.2468,27.68,81,100,6.4,TK,1722820577
406,saltpond,5.2091,-1.0606,23.8,84,100,2.95,GH,1722820578
407,tempio pausania,40.8974,9.1035,22.51,96,0,1.19,IT,1722820579
408,port saint john's,-31.6229,29.5448,14.31,63,100,7.04,ZA,1722820580
409,mahibadhoo,3.7833,72.9667,28.45,73,100,3.16,MV,1722820046
410,solnechnyy,50.7214,136.6319,20.98,57,100,3.19,RU,1722820582
411,hamilton,39.1834,-84.5333,28.82,71,20,2.06,US,1722820245
412,eyl,7.9803,49.8164,24.23,78,100,9.48,SO,1722820584
413,bata,1.8639,9.7658,23.25,87,88,3.09,GQ,1722820586
414,kish,26.5578,54.0194,34.15,75,73,5.14,IR,1722820587
415,persembe,41.0656,37.7714,22.68,89,0,2.0,TR,1722820588
416,grand rapids,42.9634,-85.6681,25.65,68,50,2.15,US,1722820487
417,mejit,10.2753,170.8646,28.66,79,21,6.68,MH,1722820591
418,barabinsk,55.3571,78.357,15.95,90,100,2.84,RU,1722820592
419,pacific grove,36.6177,-121.9166,24.56,89,100,5.14,US,1722820593
420,vilcun,-38.65,-72.2333,9.41,86,94,6.02,CL,1722820594
421,tlahualilo de zaragoza,26.1167,-103.45,33.6,19,3,5.7,MX,1722820595
422,vila velha,-20.3297,-40.2925,21.08,97,75,1.54,BR,1722820103
423,oyama,36.3,139.8,33.66,42,6,1.5,JP,1722820074
424,port douglas,-16.4833,145.4667,22.44,74,75,5.13,AU,1722820598
425,saint-philippe,-21.3585,55.7679,18.77,76,31,2.52,RE,1722820082
426,kousseri,12.0769,15.0306,23.03,87,100,2.15,CM,1722820600
427,la passe,45.5549,-0.8967,19.13,91,0,2.84,FR,1722820601
428,bac lieu,9.285,105.7244,27.5,80,71,2.46,VN,1722820602
429,mbekenyera,-10.0,38.9833,16.64,92,1,1.25,TZ,1722820604
430,gadzhiyevo,69.2551,33.3362,7.19,88,3,0.83,RU,1722820605
431,selfoss,63.9331,-20.9971,11.14,75,100,12.43,IS,1722820606
432,chibougamau,49.9168,-74.3659,13.79,62,20,2.06,CA,1722820607
433,shahrak,34.1074,64.3052,15.11,31,0,1.95,AF,1722820608
434,quelimane,-17.8786,36.8883,16.97,94,0,1.54,MZ,1722820609
435,zambezi,-13.5432,23.1047,13.79,30,0,1.54,ZM,1722820610
436,marsa alam,25.0757,34.8918,32.62,55,99,1.01,EG,1722820573
437,kyabe,9.4515,18.9449,20.64,92,100,0.3,TD,1722820612
438,nouadhibou,20.931,-17.0347,23.99,88,40,4.63,MR,1722820613
439,san salvador de jujuy,-24.1946,-65.2971,14.74,59,0,1.64,AR,1722820614
440,penzance,50.1186,-5.5371,18.38,93,100,8.3,GB,1722820615
441,broome,42.2506,-75.833,23.33,66,0,1.51,US,1722820616
442,vangaindrano,-23.35,47.6,16.72,90,1,2.68,MG,1722820617
443,vila franca do campo,37.7167,-25.4333,23.23,90,2,1.69,PT,1722820618
444,sarina,-21.4333,149.2167,21.45,1,99,4.04,AU,1722820619
445,lincoln city,44.9582,-124.0179,21.83,80,0,4.02,US,1722820620
446,st. paul,44.9444,-93.0933,26.41,73,0,4.12,US,1722820622
447,sur,22.5667,59.5289,28.92,73,100,3.45,OM,1722820623
448,preobrazheniye,42.9019,133.9064,19.91,70,99,3.31,RU,1722820624
449,'ain el hadjar,34.7585,0.1453,22.63,34,0,0.43,DZ,1722820625
450,kayangel,8.0823,134.7173,28.93,74,17,5.7,PW,1722820626
451,marabba,12.35,32.1833,25.57,78,100,3.49,SD,1722820627
452,el porvenir,13.7617,-87.3458,22.63,91,100,1.34,HN,1722820628
453,punta del este,-34.9667,-54.95,11.6,85,0,3.13,UY,1722820629
454,hatillo,18.4863,-66.8254,28.81,84,100,0.45,PR,1722820630
455,al jawf,29.5,38.75,25.5,27,0,2.87,SA,1722820631
456,verkhnevilyuysk,63.4453,120.3167,20.34,39,20,4.31,RU,1722820632
457,akrehamn,59.2667,5.1833,13.33,67,15,0.73,NO,1722820634
458,balqash,46.8481,74.995,23.74,41,0,3.07,KZ,1722820635
459,salekhard,66.53,66.6019,8.64,65,100,9.43,RU,1722820637
460,zykovo,55.9519,93.1461,19.41,92,100,1.17,RU,1722820639
461,punata,-17.55,-65.8333,15.88,76,0,3.99,BO,1722820640
462,songyuan,45.1171,124.8568,25.81,89,100,5.66,CN,1722820641
463,ancud,-41.8697,-73.8203,7.98,91,100,8.32,CL,1722820474
464,al kharijah,25.4514,30.5464,30.74,16,26,3.48,EG,1722820643
465,ola,59.5833,151.2833,15.77,74,0,2.23,RU,1722820644
466,new norfolk,-42.7826,147.0587,13.29,52,7,3.7,AU,1722820645
467,alofi,-19.0595,-169.9187,26.94,78,75,4.63,NU,1722820646
468,mendi,-6.1761,143.6513,19.18,70,99,1.88,PG,1722820630
469,binh long,11.6512,106.6071,27.53,89,88,1.32,VN,1722820648
470,prado,-17.3411,-39.2208,22.15,88,32,4.03,BR,1722820649
471,guerrero negro,27.9769,-114.0611,23.23,72,17,6.44,MX,1722820651
472,namsos,64.4662,11.4957,14.95,94,75,1.03,NO,1722820652
473,plettenberg bay,-34.0527,23.3716,8.44,69,3,4.83,ZA,1722820653
474,palu,-0.8917,119.8707,26.46,90,97,0.91,ID,1722820525
475,quellon,-43.1167,-73.6167,7.46,94,100,3.13,CL,1722820631
476,kapustin yar,48.5831,45.7372,24.27,33,50,4.94,RU,1722820656
477,lompoc,34.6391,-120.4579,22.18,77,0,5.14,US,1722820657
478,altai,46.3722,96.2583,18.75,28,7,0.42,MN,1722820658
479,bandarbeyla,9.4942,50.8122,24.83,78,100,12.86,SO,1722820660
480,wawa,9.9022,4.4192,22.65,84,52,1.78,NG,1722820661
481,illizi,26.4833,8.4667,29.89,19,98,1.72,DZ,1722820662
482,berthoud,47.059,7.6279,17.75,96,100,0.91,CH,1722820663
483,mazamari,-11.3258,-74.5308,23.71,70,87,1.18,PE,1722820664
484,inirida,3.8653,-67.9239,23.87,90,97,0.89,CO,1722820668
485,shache,38.4167,77.2406,26.52,43,8,1.02,CN,1722820669
486,taksimo,56.3444,114.8794,20.33,63,56,1.21,RU,1722820670
487,saint-francois,46.4154,3.9054,14.82,95,0,1.03,FR,1722820671
488,huanan,46.2167,130.5167,26.04,84,22,5.32,CN,1722820672
489,jaguaribe,-5.8906,-38.6219,26.84,46,100,3.05,BR,1722820673
490,misratah,32.3754,15.0925,27.5,68,0,1.76,LY,1722820674
491,petrovsk,52.3064,45.3917,16.3,89,100,2.42,RU,1722820675
492,tazacorte,28.629,-17.9293,22.54,94,75,5.14,ES,1722820676
493,galle,6.0367,80.217,28.85,81,57,0.45,LK,1722820678
494,ghat,24.9647,10.1728,31.69,13,0,1.77,LY,1722820679
495,fort st. john,56.2499,-120.8529,13.94,82,75,4.12,CA,1722820680
496,soata,6.3337,-72.6828,10.48,87,38,1.86,CO,1722820681
497,boguchany,58.3814,97.4531,19.32,62,6,0.8,RU,1722820682
498,columbia falls,48.3725,-114.1815,18.64,91,98,1.65,US,1722820683
499,luwuk,-0.9516,122.7875,25.89,74,100,3.28,ID,1722820684
500,khovd,48.0056,91.6419,22.14,35,0,0.41,MN,1722820685
501,dunedin,-45.8742,170.5036,10.94,58,9,1.63,NZ,1722820686
502,tubarjal,30.4999,38.216,25.82,42,0,4.81,SA,1722820687
503,walterboro,32.9052,-80.6668,26.94,100,0,2.06,US,1722820688
504,tommot,58.9564,126.2925,15.44,97,100,2.14,RU,1722820689
505,tayshet,55.9342,98.0044,17.38,68,0,1.7,RU,1722820690
506,turkeli,41.9476,34.3386,23.85,57,10,1.73,TR,1722820691
507,valparaiso,-33.0393,-71.6273,13.89,68,0,2.06,CL,1722820507
508,maceio,-9.6658,-35.7353,21.69,100,75,0.0,BR,1722820694
509,essaouira,31.5125,-9.77,21.72,88,0,1.54,MA,1722820695
510,kideksha,56.4167,40.5167,13.23,92,4,2.28,RU,1722820696
511,pimentel,-6.8367,-79.9342,18.16,77,0,7.2,PE,1722820503
512,kulhudhuffushi,6.6221,73.07,27.67,78,100,4.39,MV,1722820698
513,saldanha,-33.0117,17.9442,11.38,60,10,3.1,ZA,1722820699
514,cidreira,-30.1811,-50.2056,16.14,100,100,1.99,BR,1722820408
515,bubaque,11.2833,-15.8333,26.42,81,100,3.43,GW,1722820694
516,san rafael del yuma,18.4299,-68.6739,27.76,85,62,3.25,DO,1722820702
517,pisco,-13.7,-76.2167,16.03,88,0,3.09,PE,1722820703
518,lata,40.1629,-8.3327,17.26,97,35,0.93,PT,1722820704
519,puerto aysen,-45.4,-72.7,3.01,99,100,1.38,CL,1722820631
520,koupela,12.1794,-0.3517,23.7,87,100,2.76,BF,1722820706
521,kerikeri,-35.2268,173.9474,16.62,60,40,2.68,NZ,1722820675
522,tirur,10.9,75.9167,23.55,88,100,2.1,IN,1722820708
523,shobu,36.0667,139.6,34.42,60,2,1.56,JP,1722820709
524,macclenny,30.2822,-82.1221,26.02,95,100,0.45,US,1722820710
525,usinsk,65.9939,57.5281,12.44,80,100,9.7,RU,1722820712
526,sosenskiy,54.059,35.9623,12.26,94,10,1.88,RU,1722820713
527,shimoda,34.6667,138.95,31.17,68,0,2.14,JP,1722820714
528,swakopmund,-22.6833,14.5333,9.43,82,4,5.6,NA,1722820715
529,megion,61.0296,76.1136,18.01,87,100,0.8,RU,1722820716
530,la'ie,21.6477,-157.9253,30.98,71,5,1.34,US,1722820717
531,sisophon,13.5859,102.9737,26.78,82,21,3.3,KH,1722820718
532,coahuayana de hidalgo,18.7,-103.6583,27.31,83,100,1.49,MX,1722820719
533,anatuya,-28.4606,-62.8347,12.27,77,0,2.88,AR,1722820720
534,umri,26.5106,78.9367,26.75,81,96,6.45,IN,1722820721
535,brokopondo,4.75,-55.1667,28.33,72,100,3.04,SR,1722820722
536,sinabang,2.4803,96.3801,26.93,83,57,1.52,ID,1722820723
537,launceston,-41.45,147.1667,12.67,87,100,6.17,AU,1722820504
538,yadgir,16.7667,77.1333,23.47,88,14,2.86,IN,1722820725
539,tateyama,34.9833,139.8667,28.65,67,0,0.56,JP,1722820726
540,isabela,6.7085,121.9711,30.03,72,99,0.56,PH,1722820727
541,villafranca de los barros,38.5614,-6.3381,26.6,29,0,1.89,ES,1722820728
542,oleksandriya,48.6696,33.1159,16.5,85,40,3.09,UA,1722820730
543,san pedro pochutla,15.7333,-96.4667,28.17,87,91,1.87,MX,1722820731
544,korsakov,46.6328,142.7813,15.91,79,89,2.11,RU,1722820732
545,la mana,-0.9333,-79.2167,22.94,88,55,1.34,EC,1722820733
546,yigo village,13.5361,144.8886,30.16,73,0,6.69,GU,1722820734
547,segezha,63.7415,34.3222,8.23,95,51,3.64,RU,1722820735
548,hirara,24.8,125.2833,31.15,79,75,6.17,JP,1722820736
549,glace bay,46.1969,-59.957,23.98,91,100,1.34,CA,1722820737
550,abepura,-2.6333,140.5833,27.45,78,100,2.57,ID,1722820738
551,nenagh,52.8619,-8.1967,18.3,92,100,5.49,IE,1722820739
552,baruun-urt,46.6806,113.2792,21.23,53,3,2.42,MN,1722820740
553,lorengau,-2.0226,147.2712,28.13,79,77,3.38,PG,1722820741
554,antalaha,-14.9003,50.2788,18.18,86,82,2.8,MG,1722820742
555,walvis bay,-22.9575,14.5053,9.49,79,2,6.04,NA,1722820743
556,booneville,34.6582,-88.5667,29.01,62,75,1.15,US,1722820647
557,dryden,49.7833,-92.7503,18.16,59,75,2.06,CA,1722820746
558,cabanas,22.9758,-82.9219,25.66,87,100,2.14,CU,1722820747
559,sujangarh,27.7011,74.4649,27.38,81,9,5.74,IN,1722820748
560,tamiahua,21.2667,-97.45,26.7,81,0,2.42,MX,1722820749
561,ras al khaimah city,25.7895,55.9432,34.12,62,0,9.77,AE,1722820750
562,beyneu,45.3167,55.2,28.42,32,100,1.47,KZ,1722820751
563,kidal,18.4411,1.4078,31.31,46,90,4.49,ML,1722820752
564,guthrie,35.8789,-97.4253,34.37,32,0,2.57,US,1722820753
565,song cau,13.45,109.2167,28.41,68,21,1.95,VN,1722820754
566,nagqu,31.5,92.0,6.96,70,0,1.22,CN,1722820755
567,nguigmi,14.2495,13.1092,28.62,60,100,7.14,NE,1722820756
568,rawson,-43.3002,-65.1023,10.4,55,70,4.44,AR,1722820757
569,la sarre,48.8002,-79.1996,15.32,56,37,3.2,CA,1722820758
570,viedma,-40.8135,-62.9967,10.87,48,99,4.86,AR,1722820625
571,jayapura,-2.5333,140.7,27.66,65,100,2.24,ID,1722820760
572,rongelap,11.1635,166.8941,28.73,78,73,6.46,MH,1722820761
573,san pablo villa de mitla,16.9167,-96.4,19.13,83,28,2.81,MX,1722820763
574,cavelossim,15.1726,73.9419,26.99,89,53,3.35,IN,1722820764
575,urengoy,65.9667,78.3667,11.1,58,100,6.66,RU,1722820765
576,kalach-na-donu,48.691,43.5264,21.95,53,57,1.7,RU,1722820766
577,takoradi,4.8845,-1.7554,23.76,85,100,2.82,GH,1722820767
578,val-d'or,48.1002,-77.7828,13.63,72,12,1.24,CA,1722820507
579,ambodifotatra,-16.9833,49.85,21.76,75,19,1.2,MG,1722820769
580,mogadishu,2.0371,45.3438,24.24,76,100,7.91,SO,1722820770
581,idri,27.5,13.2667,28.52,17,0,1.69,LY,1722820618
582,humahuaca,-23.2054,-65.3505,9.65,18,0,2.7,AR,1722820772
583,curvelo,-18.7564,-44.4308,19.08,55,0,2.87,BR,1722820773
584,puerto lempira,15.2667,-83.7667,26.87,84,25,3.69,HN,1722820774
585,naini tal,29.3974,79.4469,12.56,93,61,1.92,IN,1722820775
586,lazaro cardenas,17.9583,-102.2,27.97,80,100,3.48,MX,1722820777
587,las palmas,28.4204,-14.0131,20.44,78,0,4.12,ES,1722820730
588,aral,40.5156,81.2636,26.86,36,100,0.6,CN,1722820779
589,juneau,58.3019,-134.4197,27.0,100,20,3.09,US,1722820780
590,tomohon,1.3346,124.8392,25.52,68,93,1.07,ID,1722820781
591,cannonvale,-20.2833,148.7,21.66,67,98,4.21,AU,1722820783
